<code_scheme name="Default" version="173">
  <GoCodeStyleSettings>
    <option name="ADD_LEADING_SPACE_TO_COMMENTS" value="true" />
    <option name="MOVE_ALL_IMPORTS_IN_ONE_DECLARATION" value="true" />
    <option name="MOVE_ALL_STDLIB_IMPORTS_IN_ONE_GROUP" value="true" />
    <option name="GROUP_STDLIB_IMPORTS" value="true" />
    <option name="GROUP_CURRENT_PROJECT_IMPORTS" value="true" />
  </GoCodeStyleSettings>
  <codeStyleSettings language="go">
    <indentOptions>
      <option name="KEEP_INDENTS_ON_EMPTY_LINES" value="true" />
    </indentOptions>
  </codeStyleSettings>
</code_scheme>