<code_scheme name="Default" version="173">
  <GoCodeStyleSettings>
    <option name="ADD_LEADING_SPACE_TO_COMMENTS" value="true" />
    <option name="RUN_GO_FMT_ON_REFORMAT" value="false" />
    <option name="MOVE_ALL_IMPORTS_IN_ONE_DECLARATION" value="true" />
    <option name="MOVE_ALL_STDLIB_IMPORTS_IN_ONE_GROUP" value="true" />
    <option name="GROUP_STDLIB_IMPORTS" value="true" />
    <option name="LOCAL_PACKAGE_PREFIXES" />
  </GoCodeStyleSettings>
  <codeStyleSettings language="Vue">
    <indentOptions>
      <option name="INDENT_SIZE" value="4" />
      <option name="TAB_SIZE" value="4" />
    </indentOptions>
  </codeStyleSettings>
</code_scheme>