<application>
  <component name="LocalDatabaseDriverManager" version="201">
    <driver id="sqlserver.ms">
      <option name="auto-sync" value="false" />
    </driver>
    <driver id="sqlserver.jtds">
      <option name="auto-sync" value="false" />
    </driver>
    <driver id="mysql.8">
      <artifact />
      <artifact id="MySQL ConnectorJ" name="MySQL ConnectorJ" use="true" version="8.0.25" />
    </driver>
    <driver id="mysql">
      <artifact id="MySQL Connector/J" name="MySQL Connector/J" use="true" version="5.1.46" />
    </driver>
    <driver id="oracle">
      <option name="auto-sync" value="false" />
    </driver>
    <driver id="sqlite.xerial">
      <artifact id="Xerial SQLiteJDBC" name="Xerial SQLiteJDBC" use="true" version="3.34.0" />
    </driver>
    <driver id="sybase.jtds">
      <option name="auto-sync" value="false" />
    </driver>
    <driver id="sybase.ase">
      <option name="auto-sync" value="false" />
    </driver>
  </component>
</application>