<application>
  <component name="FileTypeManager" version="19">
    <extensionMap>
      <mapping pattern="sail" type="AUTO_DETECTED" />
      <mapping pattern="upload" type="PLAIN_TEXT" />
      <mapping pattern="insecure_id_rsa" type="PLAIN_TEXT" />
      <mapping pattern=".gitattributes" type="PLAIN_TEXT" />
      <mapping pattern=".env.bak" type="PLAIN_TEXT" />
      <mapping pattern=".env.local" type="PLAIN_TEXT" />
      <mapping pattern="cache" type="PLAIN_TEXT" />
      <mapping pattern="ad" type="PLAIN_TEXT" />
      <mapping pattern="PaginationPerPageComponent.vue" type="PLAIN_TEXT" />
      <mapping pattern="install" type="PLAIN_TEXT" />
      <mapping pattern="RightBar" type="PLAIN_TEXT" />
      <mapping pattern="cmd" type="PLAIN_TEXT" />
      <mapping pattern="card" type="PLAIN_TEXT" />
      <mapping pattern="gen-cert" type="PLAIN_TEXT" />
      <mapping pattern="macos-gen-cert" type="PLAIN_TEXT" />
      <mapping pattern=".env.travis" type="PLAIN_TEXT" />
      <mapping pattern="docker-php-entrypoint" type="PLAIN_TEXT" />
      <mapping pattern="phpunit" type="PLAIN_TEXT" />
      <mapping pattern="asd" type="PLAIN_TEXT" />
      <mapping pattern=".env.actions" type="PLAIN_TEXT" />
      <mapping pattern="./docker-login" type="PLAIN_TEXT" />
      <mapping pattern="down" type="PLAIN_TEXT" />
      <mapping pattern=".env.build" type="PLAIN_TEXT" />
      <mapping pattern="up" type="PLAIN_TEXT" />
      <mapping pattern="LICENSE" type="PLAIN_TEXT" />
      <mapping pattern="docker-login" type="PLAIN_TEXT" />
      <mapping pattern=".dockerignore" type="PLAIN_TEXT" />
      <mapping pattern="test" type="PLAIN_TEXT" />
      <mapping pattern="crontab" type="PLAIN_TEXT" />
      <mapping pattern="City" type="PLAIN_TEXT" />
      <mapping pattern="xdebug" type="PLAIN_TEXT" />
      <mapping pattern=".gitkeep" type="PLAIN_TEXT" />
      <mapping pattern="phpcs" type="PLAIN_TEXT" />
      <mapping pattern="exec" type="PLAIN_TEXT" />
      <mapping pattern="bot" type="PLAIN_TEXT" />
      <mapping pattern="id_rsa" type="PLAIN_TEXT" />
      <mapping pattern="update" type="PLAIN_TEXT" />
      <mapping pattern="phpcspsalm" type="PLAIN_TEXT" />
      <mapping pattern="LogoutLink" type="PLAIN_TEXT" />
      <mapping pattern="htpasswd" type="PLAIN_TEXT" />
      <mapping pattern="database" type="PLAIN_TEXT" />
      <mapping pattern="bot-staging" type="PLAIN_TEXT" />
      <mapping pattern="backend" type="PLAIN_TEXT" />
      <mapping pattern=".env" type="PLAIN_TEXT" />
      <mapping pattern="npm" type="PLAIN_TEXT" />
      <mapping pattern="clean" type="PLAIN_TEXT" />
      <mapping pattern="setup" type="PLAIN_TEXT" />
      <mapping pattern="finance" type="PLAIN_TEXT" />
      <mapping ext="ext" type="PLAIN_TEXT" />
      <mapping ext="example" type="PLAIN_TEXT" />
      <mapping ext="ppk" type="PLAIN_TEXT" />
      <mapping ext="docker" type="PLAIN_TEXT" />
      <mapping ext="service" type="PLAIN_TEXT" />
      <mapping ext="pub" type="PLAIN_TEXT" />
      <mapping ext="j2" type="PLAIN_TEXT" />
      <mapping ext="peg" type="PLAIN_TEXT" />
      <mapping ext="lock" type="PLAIN_TEXT" />
      <mapping ext="pem" type="PLAIN_TEXT" />
      <mapping ext="lst" type="PLAIN_TEXT" />
      <mapping ext="crt" type="PLAIN_TEXT" />
      <mapping pattern="stop" type="Shell Script" />
      <mapping pattern="ap-st" type="Shell Script" />
      <mapping pattern="deploy-prod" type="Shell Script" />
      <mapping pattern="login" type="Shell Script" />
      <mapping pattern="loadenv" type="Shell Script" />
      <mapping pattern="run-pb" type="Shell Script" />
      <mapping pattern="cmd-prod" type="Shell Script" />
      <mapping pattern="spiral-dev" type="Shell Script" />
      <mapping pattern="dc-prod" type="Shell Script" />
      <mapping pattern="run" type="Shell Script" />
      <mapping pattern="download" type="Shell Script" />
      <mapping pattern="entrypoint" type="Shell Script" />
      <mapping pattern="bots" type="Shell Script" />
      <mapping pattern="scheduler" type="Shell Script" />
      <mapping pattern="build" type="Shell Script" />
      <mapping pattern="publish" type="Shell Script" />
      <mapping pattern="pcmd" type="Shell Script" />
      <mapping pattern="LoginPage" type="Vue.js" />
      <mapping pattern="CHANGELOG" type="Vue.js" />
      <removed_mapping ext="md" approved="true" type="PLAIN_TEXT" />
      <removed_mapping ext="pdf" approved="true" type="Native" />
      <removed_mapping ext="yaml" approved="true" type="YAML_EX" />
      <removed_mapping ext="yml" approved="true" type="YAML_EX" />
      <removed_mapping pattern=".dockerignore" approved="true" type="DockerIgnore file" />
      <removed_mapping pattern="cmd-prod" approved="true" type="AUTO_DETECTED" />
      <removed_mapping pattern="pcmd" approved="true" type="AUTO_DETECTED" />
      <removed_mapping pattern="scheduler" approved="true" type="AUTO_DETECTED" />
      <mapping ext="tmpl" type="Go Template" />
    </extensionMap>
  </component>
</application>