<application>
  <component name="LanguageInjectionConfiguration">
    <option name="INSTRUMENTATION" value="ASSERT" />
    <option name="LANGUAGE_ANNOTATION" value="org.intellij.lang.annotations.Language" />
    <option name="PATTERN_ANNOTATION" value="org.intellij.lang.annotations.Pattern" />
    <option name="SUBST_ANNOTATION" value="org.intellij.lang.annotations.Subst" />
    <option name="RESOLVE_REFERENCES" value="true" />
    <injection language="HTML" injector-id="xml">
      <display-name>&lt;?php</display-name>
      <place><![CDATA[xmlTag().withLocalName(string().matches("<?php"))]]></place>
      <apply-to-subtags />
    </injection>
  </component>
</application>