<application>
  <component name="FileTypeManager" version="17">
    <extensionMap>
      <mapping ext="gtpl" type="Go template" />
      <mapping pattern="eventsTagsFinder" type="PLAIN_TEXT" />
      <mapping pattern="test" type="PLAIN_TEXT" />
      <mapping pattern="clean" type="PLAIN_TEXT" />
      <mapping pattern="asd" type="PLAIN_TEXT" />
      <mapping pattern="searchByTags" type="PLAIN_TEXT" />
      <mapping pattern="xcv" type="PLAIN_TEXT" />
      <mapping pattern=".dockerignore" type="PLAIN_TEXT" />
      <mapping pattern="syslog_botsender_killed" type="PLAIN_TEXT" />
      <mapping pattern="LICENSE" type="PLAIN_TEXT" />
      <mapping pattern="build" type="PLAIN_TEXT" />
      <mapping pattern="todo" type="PLAIN_TEXT" />
      <mapping pattern="d" type="PLAIN_TEXT" />
      <mapping pattern="b" type="PLAIN_TEXT" />
      <mapping ext="lst" type="PLAIN_TEXT" />
      <mapping ext="gz" type="PLAIN_TEXT" />
      <mapping ext="service" type="PLAIN_TEXT" />
      <removed_mapping ext="cmd" approved="true" type="PLAIN_TEXT" />
      <removed_mapping ext="bat" approved="true" type="PLAIN_TEXT" />
      <mapping pattern="run" type="Shell Script" />
      <mapping pattern="loadenv" type="Shell Script" />
      <removed_mapping ext="bat" approved="true" type="PLAIN_TEXT" />
      <removed_mapping ext="log" approved="true" type="PLAIN_TEXT" />
      <removed_mapping ext="dockerfile" approved="true" type="textmate" />
      <removed_mapping ext="makefile" approved="true" type="textmate" />
      <removed_mapping ext="cmd" approved="true" type="PLAIN_TEXT" />
      <removed_mapping ext="snakefile" approved="true" type="textmate" />
    </extensionMap>
  </component>
</application>