<application>
  <component name="GoSdkList">
    <sdk-url>
      <set>
        <option value="" />
        <option value="file:///usr/local/Cellar/go/1.12.7/libexec" />
        <option value="file:///usr/local/Cellar/go/1.13.4/libexec" />
        <option value="file:///usr/local/Cellar/go/1.14/libexec" />
        <option value="file:///usr/local/Cellar/go/1.15.5/libexec" />
        <option value="file:///usr/local/Cellar/go/1.19.3/libexec" />
        <option value="file:///usr/local/go" />
        <option value="file:///usr/local/opt/go/libexec" />
      </set>
    </sdk-url>
  </component>
</application>