<application>
  <component name="GeneralSettings">
    <option name="showTipsOnStartup" value="false" />
    <option name="confirmExit" value="false" />
    <option name="confirmOpenNewProject2" value="-1" />
  </component>
  <component name="Registry">
    <entry key="ide.mac.transparentTitleBarAppearance" value="true" />
    <entry key="ide.mac.allowDarkWindowDecorations" value="true" />
    <entry key="suggest.all.run.configurations.from.context" value="true" />
    <entry key="ide.tree.ui.experimental" value="false" />
    <entry key="ide.balloon.shadow.size" value="0" />
    <entry key="ide.editor.tab.selection.animation" value="true" />
    <entry key="ide.new.editor.tabs.vertical.borders" value="true" />
    <entry key="ide.animate.toolwindows" value="true" />
    <entry key="editor.focus.mode.color.light" value="6272a4" />
    <entry key="editor.focus.mode.color.dark" value="6272a4" />
  </component>
  <component name="StatusBar">
    <option name="widgets">
      <map>
        <entry key="com.intellij.psi.codeStyle.statusbar.CodeStyleStatusBarWidget" value="false" />
      </map>
    </option>
  </component>
</application>