<application>
  <component name="MaterialThemeConfig">
    <option name="compactTables" value="true" />
    <option name="compactDropdowns" value="true" />
    <option name="isHighlightColorEnabled" value="true" />
    <option name="isCompactMenus" value="true" />
    <option name="isCompactStatusBar" value="true" />
    <option name="isCompactTables" value="true" />
    <option name="isWizardShown" value="true" />
    <option name="pristineConfig" value="false" />
    <option name="tabsHeight" value="27" />
    <option name="accentColor" value="ff79c5" />
    <option name="secondAccentColor" />
    <option name="highlightColor" />
    <option name="focusColor" />
    <option name="selectedTheme" value="DRACULA" />
    <option name="userId" value="-1a768acb:16a035764a3:-8000" />
    <option name="version" value="8.13.2" />
  </component>
</application>